3.76,3.82,24903,21.32,24971
3.73,3.78,24903,21.32,25061
3.71,3.75,24903,21.32,25143
3.7,3.73,24903,21.32,25225
3.69,3.71,24903,21.32,25317
3.68,3.69,24903,21.32,25399
3.67,3.68,24903,21.32,25489
3.67,3.68,24903,21.32,25571
3.66,3.67,24903,21.32,25653
3.66,3.66,24903,21.32,25743
3.65,3.66,24903,21.32,25825
3.65,3.65,24903,21.32,25907
3.65,3.65,24903,21.32,25997
3.66,3.65,24903,21.32,26079
3.69,3.66,24903,21.32,26169
3.72,3.68,24903,21.32,26251
3.75,3.71,24903,21.32,26333
3.78,3.74,24903,21.32,26423
3.79,3.76,24903,21.29,26505
3.81,3.78,24903,21.29,26587
3.82,3.8,24903,21.29,26677
3.83,3.82,24903,21.29,26759
3.84,3.83,24903,21.29,26841
3.85,3.84,24903,21.29,26931
3.85,3.84,24903,21.29,27013
3.86,3.85,24903,21.29,27095
3.86,3.85,24903,21.29,27187
3.86,3.86,24903,21.29,27269
3.86,3.86,24903,21.29,27357
3.86,3.86,24903,21.29,27439
3.85,3.86,24903,21.29,27521
3.84,3.86,24903,21.29,27611
3.79,3.85,27672,21.47,27693
3.75,3.82,27672,21.47,27774
3.72,3.77,27672,21.47,27865
3.71,3.74,27672,21.47,27947
3.7,3.72,27672,21.47,28028
3.69,3.71,27672,21.47,28119
3.69,3.7,27672,21.47,28200
3.68,3.69,27672,21.47,28291
3.67,3.68,27672,21.47,28372
3.67,3.67,27672,21.47,28454
3.66,3.67,27672,21.47,28545
3.66,3.66,27672,21.47,28626
3.66,3.66,27672,21.47,28708
3.66,3.66,27672,21.47,28798
3.68,3.66,27672,21.47,28880
3.7,3.67,27672,21.47,28962
3.72,3.69,27672,21.47,29052
3.74,3.71,27672,21.47,29134
3.77,3.73,27672,21.47,29224
3.78,3.76,27672,21.48,29306
3.8,3.78,27672,21.48,29388
3.82,3.79,27672,21.48,29478
3.83,3.81,27672,21.48,29560
3.84,3.82,27672,21.48,29642
3.85,3.83,27672,21.48,29732
3.86,3.84,27672,21.48,29814
3.86,3.85,27672,21.48,29896
3.87,3.86,27672,21.48,29986
3.87,3.86,27672,21.48,30068
3.86,3.87,27672,21.48,30156
3.85,3.86,27672,21.48,30238
3.81,3.86,27672,21.48,30320
3.77,3.83,30341,22.01,30410
3.75,3.79,30341,22.01,30492
3.74,3.76,30341,22.01,30574
3.72,3.74,30341,22.01,30664
3.71,3.73,30341,22.01,30746
3.7,3.72,30341,22.01,30828
3.7,3.71,30341,22.01,30918
3.69,3.7,30341,22.01,31000
3.68,3.69,30341,22.01,31090
3.68,3.68,30341,22.01,31172
3.67,3.68,30341,22.01,31254
3.66,3.67,30341,22.01,31344
3.66,3.67,30341,22.01,31426
3.66,3.66,30341,22.01,31508
3.65,3.66,30341,22.01,31598
3.65,3.66,30341,22.01,31680
3.65,3.65,30341,22.01,31762
3.65,3.65,30341,22.01,31852
3.64,3.65,30341,22.01,31934
3.65,3.64,30341,22.01,32024
3.66,3.65,30341,22.1,32106
3.67,3.65,30341,22.1,32188
3.68,3.66,30341,22.1,32276
3.69,3.67,30341,22.1,32358
3.7,3.68,30341,22.1,32440
3.7,3.69,30341,22.1,32528
3.71,3.7,30341,22.1,32610
3.71,3.71,30341,22.1,32692
3.72,3.71,30341,22.1,32782
3.73,3.72,30341,22.1,32864
3.73,3.72,30341,22.1,32952
3.74,3.73,30341,22.1,33036
3.74,3.74,30341,22.1,33118
3.75,3.74,30341,22.1,33206
3.75,3.75,30341,22.1,33288
3.76,3.75,30341,22.1,33370
3.76,3.76,30341,22.1,33460
3.76,3.76,30341,22.1,33542
3.76,3.76,30341,22.1,33624
3.77,3.76,30341,22.1,33712
3.77,3.76,30341,22.1,33794
3.77,3.77,30341,22.1,33875
3.76,3.77,30341,22.1,33966
3.75,3.77,30341,22.1,34048
3.74,3.76,30341,22.1,34138
3.73,3.75,34152,18.65,34220
3.72,3.74,34152,18.65,34301
3.72,3.73,34152,18.65,34392
3.71,3.72,34152,18.65,34473
3.71,3.72,34152,18.65,34555
3.7,3.71,34152,18.65,34646
3.7,3.71,34152,18.65,34727
3.7,3.7,34152,18.65,34809
3.7,3.7,34152,18.34,34899
3.69,3.69,34152,18.34,34981
3.69,3.69,34152,18.34,35072
3.69,3.69,34152,18.34,35153
3.69,3.69,34152,18.34,35235
3.69,3.69,34152,18.34,35325
3.69,3.69,34152,18.34,35407
3.68,3.69,34152,18.34,35489
3.68,3.68,34152,18.34,35579
3.68,3.68,34152,18.34,35661
3.68,3.68,34152,18.34,35743
3.68,3.68,34152,18.34,35833
3.68,3.68,34152,18.34,35915
3.69,3.68,34152,18.34,36005
3.7,3.69,34152,18.34,36087
3.71,3.7,34152,18.34,36169
3.71,3.71,34152,18.34,36257
3.72,3.71,34152,18.34,36339
3.73,3.72,34152,18.34,36421
3.73,3.73,34152,18.34,36509
3.74,3.73,34152,18.34,36591
3.74,3.74,34152,18.34,36673
3.75,3.74,34152,18.34,36763
3.75,3.75,34152,18.34,36845
3.76,3.75,34152,18.34,36933
3.76,3.76,34152,18.34,37017
3.76,3.76,34152,18.34,37099
3.77,3.76,34152,18.34,37187
3.77,3.77,34152,18.34,37269
3.77,3.77,34152,18.34,37351
3.78,3.77,34152,18.34,37439
3.78,3.78,34152,18.34,37521
3.78,3.78,34152,18.34,37603
3.78,3.78,34152,15.75,37693
3.78,3.78,34152,15.75,37775
3.78,3.78,34152,15.75,37863
3.77,3.78,34152,15.75,37947
3.75,3.77,34152,15.75,38029
3.74,3.76,38049,15.56,38119
3.73,3.75,38049,15.56,38201
3.72,3.74,38049,15.56,38283
3.71,3.73,38049,15.56,38373
3.7,3.72,38049,15.56,38455
3.7,3.71,38049,15.56,38537
3.69,3.7,38049,15.56,38627
3.68,3.69,38049,15.56,38709
3.68,3.68,38049,15.56,38799
3.67,3.68,38049,15.56,38881
3.66,3.67,38049,15.56,38963
3.66,3.67,38049,15.56,39053
3.65,3.66,38049,15.56,39135
3.65,3.65,38049,15.56,39217
3.64,3.65,38049,15.56,39307
3.64,3.64,38049,15.56,39389
3.63,3.64,38049,15.56,39471
3.63,3.63,38049,15.56,39561
3.62,3.63,38049,15.56,39643
3.62,3.62,38049,15.56,39733
3.62,3.62,38049,15.56,39815
3.62,3.62,38049,15.56,39897
3.62,3.62,38049,15.56,39987
3.62,3.62,38049,15.56,40069
3.62,3.62,38049,15.56,40151
3.63,3.62,38049,15.56,40241
3.65,3.63,38049,15.56,40323
3.66,3.64,38049,15.4,40404
3.67,3.65,38049,15.4,40495
3.68,3.66,38049,15.4,40577
3.69,3.67,38049,15.4,40667
3.69,3.68,38049,15.4,40749
3.7,3.69,38049,15.4,40830
3.71,3.7,38049,15.4,40921
3.71,3.7,38049,15.4,41003
3.72,3.71,38049,15.4,41084
3.73,3.72,38049,15.4,41172
3.73,3.72,38049,15.4,41254
3.74,3.73,38049,15.4,41336
3.74,3.74,38049,15.4,41424
3.75,3.74,38049,15.4,41506
3.75,3.75,38049,15.4,41596
3.76,3.75,38049,15.4,41678
3.76,3.75,38049,15.4,41760
3.76,3.76,38049,15.4,41848
3.77,3.76,38049,15.4,41930
3.77,3.77,38049,15.4,42012
3.77,3.77,38049,15.4,42102
3.77,3.77,38049,15.4,42184
3.78,3.77,38049,15.4,42266
3.78,3.78,38049,15.4,42354
3.78,3.78,38049,15.4,42436
3.78,3.78,38049,15.4,42526
3.78,3.78,38049,15.4,42608
3.78,3.78,38049,15.4,42690
3.77,3.78,38049,15.4,42778
3.76,3.78,38049,15.4,42860
3.74,3.76,42905,13.63,42942
3.73,3.75,42905,13.63,43032
3.72,3.74,42905,13.63,43114
3.71,3.72,42905,13.63,43196
3.7,3.71,42905,13.63,43286
3.69,3.7,42905,13.63,43368
3.69,3.7,42905,13.63,43450
3.68,3.69,42905,13.63,43540
3.67,3.68,42905,13.63,43622
3.67,3.68,42905,13.63,43712
3.66,3.67,42905,13.63,43794
3.66,3.66,42905,13.63,43876
3.65,3.66,42905,13.63,43966
3.65,3.65,42905,13.63,44048
3.65,3.65,42905,13.63,44130
3.64,3.65,42905,12.36,44220
3.64,3.64,42905,12.36,44302
3.63,3.64,42905,12.36,44384
3.63,3.63,42905,12.36,44474
3.62,3.63,42905,12.36,44556
3.62,3.63,42905,12.36,44646
3.62,3.62,42905,12.36,44728
3.62,3.62,42905,12.36,44810
3.62,3.62,42905,12.36,44900
3.62,3.62,42905,12.36,44982
3.62,3.62,42905,12.36,45064
3.63,3.62,42905,12.36,45154
3.64,3.63,42905,12.36,45236
3.66,3.64,42905,12.36,45318
3.67,3.65,42905,12.36,45408
3.68,3.66,42905,12.36,45490
3.69,3.67,42905,12.36,45580
3.69,3.68,42905,12.36,45662
3.7,3.69,42905,12.36,45744
3.7,3.69,42905,12.36,45834
3.71,3.7,42905,12.36,45916
3.72,3.71,42905,12.36,45998
3.72,3.72,42905,12.36,46086
3.73,3.72,42905,12.36,46168
3.73,3.73,42905,12.36,46249
3.74,3.73,42905,12.36,46340
3.74,3.74,42905,12.36,46422
3.75,3.74,42905,12.36,46510
3.75,3.75,42905,12.36,46592
3.75,3.75,42905,12.36,46673
3.76,3.75,42905,12.36,46761
3.76,3.76,42905,12.36,46843
3.76,3.76,42905,12.36,46925
3.75,3.76,42905,12.36,47015
3.73,3.75,42905,12.36,47097
3.72,3.74,47151,13.24,47179
3.72,3.73,47151,13.24,47269
3.71,3.72,47151,13.24,47351
3.7,3.72,47151,13.24,47441
3.7,3.71,47151,13.24,47523
3.7,3.7,47151,13.24,47605
3.7,3.7,47151,13.24,47695
3.69,3.7,47151,13.24,47777
3.69,3.69,47151,13.24,47859
3.69,3.69,47151,13.24,47949
3.69,3.69,47151,13.24,48031
3.69,3.69,47151,14.14,48113
3.69,3.69,47151,14.14,48203
3.69,3.69,47151,14.14,48285
3.68,3.68,47151,14.14,48375
3.68,3.68,47151,14.14,48457
3.68,3.68,47151,14.14,48539
3.68,3.68,47151,14.14,48629
3.68,3.68,47151,14.14,48711
3.68,3.68,47151,14.14,48793
3.68,3.68,47151,14.14,48883
3.68,3.68,47151,14.14,48965
3.68,3.68,47151,14.14,49047
3.67,3.68,47151,14.14,49137
3.67,3.67,47151,14.14,49219
3.67,3.67,47151,14.14,49309
3.67,3.67,47151,14.14,49391
3.67,3.67,47151,14.14,49473
3.67,3.67,47151,14.14,49563
3.67,3.67,47151,14.14,49645
3.68,3.67,47151,14.14,49727
3.68,3.67,47151,14.14,49815
3.68,3.68,47151,14.14,49897
3.68,3.68,47151,14.14,49979
3.68,3.68,47151,14.14,50067
3.68,3.68,47151,14.14,50149
3.68,3.68,47151,14.14,50231
3.68,3.68,47151,14.14,50323
3.68,3.68,47151,14.14,50405
3.68,3.68,47151,14.14,50493
3.68,3.68,47151,14.14,50575
3.68,3.68,47151,14.14,50657
3.68,3.68,47151,14.14,50745
3.68,3.68,47151,14.14,50827
3.68,3.68,47151,14.14,50909
3.68,3.68,47151,14.14,50999
3.68,3.68,47151,14.14,51081
3.68,3.68,47151,14.14,51163
3.68,3.68,47151,14.14,51255
3.68,3.68,47151,14.14,51337
3.67,3.67,47151,14.14,51427
3.67,3.67,47151,14.14,51509
3.67,3.67,47151,14.14,51591
3.67,3.67,47151,14.14,51681
3.67,3.67,47151,14.14,51763
3.67,3.67,47151,14.14,51845
3.67,3.67,47151,14.14,51935
3.67,3.67,47151,14.14,52017
3.67,3.67,47151,14.14,52107
3.67,3.67,47151,14.14,52189
3.67,3.67,47151,14.14,52271
3.67,3.67,47151,14.14,52361
3.67,3.67,47151,14.14,52443
3.67,3.67,47151,14.14,52525
3.67,3.67,47151,14.14,52615
3.67,3.67,47151,14.14,52697
3.67,3.67,47151,14.14,52779
3.67,3.67,47151,14.14,52867
3.67,3.67,47151,0,52948
3.67,3.67,47151,0,53030
3.67,3.67,47151,0,53118
3.67,3.67,47151,0,53200
3.67,3.67,47151,0,53288
3.67,3.67,47151,0,53370
3.67,3.67,47151,0,53452
3.67,3.67,47151,0,53540
3.67,3.67,47151,0,53622
3.67,3.67,47151,0,53704
3.67,3.67,47151,0,53792
3.67,3.67,47151,0,53874
3.67,3.67,47151,0,53956
3.67,3.67,47151,0,54044
3.67,3.67,47151,0,54126
3.67,3.67,47151,0,54208
3.67,3.67,47151,0,54296
3.67,3.67,47151,0,54378
3.67,3.67,47151,0,54466
3.67,3.67,47151,0,54548
3.67,3.67,47151,0,54630
3.67,3.67,47151,0,54718
3.67,3.67,47151,0,54800
3.67,3.67,47151,0,54882
3.67,3.67,47151,0,54970
3.67,3.67,47151,0,55052
3.67,3.67,47151,0,55134
3.67,3.67,47151,0,55222
3.67,3.67,47151,0,55304
3.67,3.67,47151,0,55392
3.67,3.67,47151,0,55474
3.67,3.67,47151,0,55556
3.67,3.67,47151,0,55644
3.67,3.67,47151,0,55726
3.67,3.67,47151,0,55808
3.67,3.67,47151,0,55896
3.67,3.67,47151,0,55977
3.67,3.67,47151,0,56059
3.67,3.67,47151,0,56147
3.67,3.67,47151,0,56229
3.67,3.67,47151,0,56311
3.67,3.67,47151,0,56399
3.67,3.67,47151,0,56481
3.67,3.67,47151,0,56569
3.67,3.67,47151,0,56651
3.67,3.67,47151,0,56733
3.67,3.67,47151,0,56821
3.67,3.67,47151,0,56903
3.67,3.67,47151,0,56985
3.67,3.67,47151,0,57073
3.67,3.67,47151,0,57155
3.67,3.67,47151,0,57237
3.66,3.67,47151,0,57333
3.67,3.66,47151,0,57415
3.67,3.66,47151,0,57509
3.67,3.66,47151,0,57591
3.67,3.67,47151,0,57673
3.67,3.67,47151,0,57767
3.67,3.67,47151,0,57849
3.67,3.67,47151,0,57931
3.67,3.67,47151,0,58025
3.67,3.67,47151,0,58107
3.67,3.67,47151,0,58202
3.67,3.67,47151,0,58284
3.67,3.67,47151,0,58365
3.67,3.67,47151,0,58460
3.67,3.67,47151,0,58542
3.66,3.67,47151,0,58624
3.66,3.66,47151,0,58718
3.66,3.66,47151,0,58800
3.66,3.66,47151,0,58882
3.66,3.66,47151,0,58976
3.66,3.66,47151,0,59058
3.66,3.66,47151,0,59152
3.66,3.66,47151,0,59234
3.66,3.66,47151,0,59316
3.66,3.66,47151,0,59412
3.66,3.66,47151,0,59494
3.66,3.66,47151,0,59576
3.66,3.66,47151,0,59670
3.66,3.66,47151,0,59752
3.66,3.66,47151,0,59846
3.66,3.66,47151,0,59928
3.66,3.66,47151,0,60010
3.66,3.66,47151,0,60104
3.66,3.66,47151,0,60186
3.66,3.66,47151,0,60268
3.66,3.66,47151,0,60362
3.66,3.66,47151,0,60444
3.66,3.66,47151,0,60538
3.66,3.66,47151,0,60620
3.66,3.66,47151,0,60702
3.66,3.66,47151,0,60796
3.66,3.66,47151,0,60878
3.66,3.66,47151,0,60960
3.66,3.66,47151,0,61054
3.66,3.66,47151,0,61136
3.66,3.66,47151,0,61218
3.66,3.66,47151,0,61313
3.66,3.66,47151,0,61394
3.66,3.66,47151,0,61489
3.66,3.66,47151,0,61571
3.66,3.66,47151,0,61652
3.66,3.66,47151,0,61747
3.66,3.66,47151,0,61829
3.66,3.66,47151,0,61911
3.66,3.66,47151,0,62007
3.66,3.66,47151,0,62089
3.66,3.66,47151,0,62183
3.66,3.66,47151,0,62265
3.66,3.66,47151,0,62347
3.66,3.66,47151,0,62441
3.66,3.66,47151,0,62523
3.66,3.66,47151,0,62605
3.66,3.66,47151,0,62699
3.66,3.66,47151,0,62781
3.66,3.66,47151,0,62875
3.66,3.66,47151,0,62957
3.66,3.66,47151,0,63039
3.66,3.66,47151,0,63133
3.66,3.66,47151,0,63215
3.66,3.66,47151,0,63297
3.66,3.66,47151,0,63391
3.66,3.66,47151,0,63473
3.66,3.66,47151,0,63555
3.66,3.66,47151,0,63649
3.66,3.66,47151,0,63731
3.66,3.66,47151,0,63827
3.66,3.66,47151,0,63909
3.66,3.66,47151,0,63991
3.66,3.66,47151,0,64086
3.66,3.66,47151,0,64167
3.66,3.66,47151,0,64249
3.66,3.66,47151,0,64344
3.66,3.66,47151,0,64425
3.66,3.66,47151,0,64520
3.66,3.66,47151,0,64602
3.66,3.66,47151,0,64684
3.66,3.66,47151,0,64778
3.66,3.66,47151,0,64860
3.66,3.66,47151,0,64942
3.66,3.66,47151,0,65036
3.66,3.66,47151,0,65118
3.66,3.66,47151,0,65212
3.66,3.66,47151,0,65294
3.66,3.66,47151,0,65376
3.66,3.66,47151,0,65470
3.66,3.66,47151,0,65552
3.66,3.66,47151,0,65634
3.66,3.66,47151,0,65728
3.66,3.66,47151,0,65810
3.66,3.66,47151,0,65892
3.66,3.66,47151,0,65986
3.66,3.66,47151,0,66068
3.66,3.66,47151,0,66162
3.66,3.66,47151,0,66244
3.66,3.66,47151,0,66326
3.66,3.66,47151,0,66420
3.66,3.66,47151,0,66502
3.66,3.66,47151,0,66584
3.66,3.66,47151,0,66678
3.66,3.66,47151,0,66760
3.66,3.66,47151,0,66856
3.66,3.66,47151,0,66938
3.66,3.66,47151,0,67020
3.66,3.66,47151,0,67115
3.66,3.66,47151,0,67196
3.66,3.66,47151,0,67278
3.65,3.66,47151,0,67373
3.65,3.65,47151,0,67454
3.65,3.65,47151,0,67549
3.65,3.65,47151,0,67631
3.65,3.65,47151,0,67713
3.65,3.65,47151,0,67807
3.65,3.65,47151,0,67889
3.65,3.65,47151,0,67971
3.65,3.65,47151,0,68065
3.65,3.65,47151,0,68147
3.65,3.65,47151,0,68229
3.65,3.65,47151,0,68323
3.65,3.65,47151,0,68405
3.65,3.65,47151,0,68499
3.65,3.65,47151,0,68581
3.65,3.65,47151,0,68663
3.65,3.65,47151,0,68759
3.65,3.65,47151,0,68841
3.65,3.65,47151,0,68923
3.65,3.65,47151,0,69017
3.65,3.65,47151,0,69099
3.65,3.65,47151,0,69193
3.65,3.65,47151,0,69275
3.65,3.65,47151,0,69357
3.65,3.65,47151,0,69451
3.65,3.65,47151,0,69533
3.65,3.65,47151,0,69615
3.65,3.65,47151,0,69709
3.65,3.65,47151,0,69791
3.65,3.65,47151,0,69885
3.65,3.65,47151,0,69967
3.65,3.65,47151,0,70049
3.65,3.65,47151,0,70144
3.65,3.65,47151,0,70225
3.65,3.65,47151,0,70307
3.65,3.65,47151,0,70402
3.65,3.65,47151,0,70483
3.65,3.65,47151,0,70565
3.65,3.65,47151,0,70660
3.65,3.65,47151,0,70742
3.65,3.65,47151,0,70836
3.65,3.65,47151,0,70918
3.65,3.65,47151,0,71000
3.65,3.65,47151,0,71094
3.65,3.65,47151,0,71176
3.65,3.65,47151,0,71258
3.65,3.65,47151,0,71352
3.65,3.65,47151,0,71434
3.65,3.65,47151,0,71528
3.65,3.65,47151,0,71610
3.65,3.65,47151,0,71692
3.65,3.65,47151,0,71788
3.65,3.65,47151,0,71870
3.65,3.65,47151,0,71952
3.65,3.65,47151,0,72046
3.65,3.65,47151,0,72128
3.65,3.65,47151,0,72222
3.65,3.65,47151,0,72304
3.65,3.65,47151,0,72386
3.65,3.65,47151,0,72480
3.65,3.65,47151,0,72562
3.65,3.65,47151,0,72644
3.65,3.65,47151,0,72738
3.65,3.65,47151,0,72820
3.65,3.65,47151,0,72902
3.65,3.65,47151,0,72996
3.65,3.65,47151,0,73078
3.65,3.65,47151,0,73175
3.65,3.65,47151,0,73256
3.65,3.65,47151,0,73338
3.65,3.65,47151,0,73433
3.65,3.65,47151,0,73515
3.65,3.65,47151,0,73596
3.65,3.65,47151,0,73691
3.65,3.65,47151,0,73773
3.65,3.65,47151,0,73867
3.65,3.65,47151,0,73949
3.65,3.65,47151,0,74031
3.65,3.65,47151,0,74125
3.65,3.65,47151,0,74207
3.65,3.65,47151,0,74289
3.65,3.65,47151,0,74383
3.65,3.65,47151,0,74465
3.65,3.65,47151,0,74559
3.65,3.65,47151,0,74641
3.65,3.65,47151,0,74723
3.65,3.65,47151,0,74817
3.65,3.65,47151,0,74899
3.65,3.65,47151,0,74981
3.65,3.65,47151,0,75075
3.65,3.65,47151,0,75157
3.65,3.65,47151,0,75239
3.65,3.65,47151,0,75333
3.65,3.65,47151,0,75415
3.65,3.65,47151,0,75511
3.65,3.65,47151,0,75593
3.65,3.65,47151,0,75675
3.65,3.65,47151,0,75769
3.65,3.65,47151,0,75851
3.65,3.65,47151,0,75933
3.65,3.65,47151,0,76027
3.65,3.65,47151,0,76109
3.65,3.65,47151,0,76204
3.65,3.65,47151,0,76285
3.65,3.65,47151,0,76367
3.65,3.65,47151,0,76462
3.65,3.65,47151,0,76544
3.65,3.65,47151,0,76625
3.65,3.65,47151,0,76720
3.65,3.65,47151,0,76802
3.65,3.65,47151,0,76896
3.65,3.65,47151,0,76978
3.65,3.65,47151,0,77060
3.65,3.65,47151,0,77154
3.65,3.65,47151,0,77236
3.65,3.65,47151,0,77318
3.65,3.65,47151,0,77412
3.64,3.65,47151,0,77494
3.64,3.64,47151,0,77576
3.64,3.64,47151,0,77670
3.64,3.64,47151,0,77752
3.64,3.64,47151,0,77846
3.64,3.64,47151,0,77928
3.64,3.64,47151,0,78010
3.64,3.64,47151,0,78106
3.64,3.64,47151,0,78188
3.64,3.64,47151,0,78270
3.64,3.64,47151,0,78364
3.64,3.64,47151,0,78446
3.64,3.64,47151,0,78540
3.64,3.64,47151,0,78622
3.64,3.64,47151,0,78704
3.64,3.64,47151,0,78798
3.64,3.64,47151,0,78880
3.64,3.64,47151,0,78962
3.64,3.64,47151,0,79056
3.64,3.64,47151,0,79138
3.64,3.64,47151,0,79233
3.64,3.64,47151,0,79314
3.64,3.64,47151,0,79396
3.64,3.64,47151,0,79491
3.64,3.64,47151,0,79572
3.64,3.64,47151,0,79654
3.64,3.64,47151,0,79749
3.64,3.64,47151,0,79831
3.64,3.64,47151,0,79912
3.64,3.64,47151,0,80007
3.64,3.64,47151,0,80089
3.64,3.64,47151,0,80183
3.64,3.64,47151,0,80265
3.64,3.64,47151,0,80347
3.64,3.64,47151,0,80443
3.64,3.64,47151,0,80525
3.64,3.64,47151,0,80607
3.64,3.64,47151,0,80701
3.64,3.64,47151,0,80783
3.64,3.64,47151,0,80877
3.64,3.64,47151,0,80959
3.64,3.64,47151,0,81041
3.64,3.64,47151,0,81135
3.64,3.64,47151,0,81217
3.64,3.64,47151,0,81299
3.64,3.64,47151,0,81393
3.64,3.64,47151,0,81475
3.64,3.64,47151,0,81569
3.64,3.64,47151,0,81651
3.64,3.64,47151,0,81733
3.64,3.64,47151,0,81827
3.64,3.64,47151,0,81909
3.64,3.64,47151,0,81991
3.64,3.64,47151,0,82085
3.64,3.64,47151,0,82167
3.64,3.64,47151,0,82249
3.64,3.64,47151,0,82343
3.64,3.64,47151,0,82425
3.64,3.64,47151,0,82522
3.64,3.64,47151,0,82604
3.64,3.64,47151,0,82685
3.64,3.64,47151,0,82780
3.64,3.64,47151,0,82862
3.64,3.64,47151,0,82944
3.64,3.64,47151,0,83038
3.64,3.64,47151,0,83120
3.64,3.64,47151,0,83214
3.64,3.64,47151,0,83296
3.64,3.64,47151,0,83378
3.64,3.64,47151,0,83472
3.64,3.64,47151,0,83554
3.64,3.64,47151,0,83636
3.64,3.64,47151,0,83730
3.64,3.64,47151,0,83812
3.64,3.64,47151,0,83906
3.64,3.64,47151,0,83988
3.64,3.64,47151,0,84070
3.64,3.64,47151,0,84164
3.64,3.64,47151,0,84246
3.63,3.64,47151,0,84328
3.63,3.63,47151,0,84422
3.63,3.63,47151,0,84504
3.63,3.63,47151,0,84586
3.63,3.63,47151,0,84680
3.63,3.63,47151,0,84762
3.63,3.63,47151,0,84858
3.63,3.63,47151,0,84940
3.63,3.63,47151,0,85022
3.63,3.63,47151,0,85116
3.63,3.63,47151,0,85198
3.63,3.63,47151,0,85280
3.63,3.63,47151,0,85374
3.63,3.63,47151,0,85456
3.63,3.63,47151,0,85551
3.63,3.63,47151,0,85633
3.63,3.63,47151,0,85714
3.63,3.63,47151,0,85809
3.63,3.63,47151,0,85891
3.63,3.63,47151,0,85972
3.62,3.63,47151,0,86067
3.62,3.63,47151,0,86149
3.63,3.62,47151,0,86243
3.62,3.62,47151,0,86325
3.62,3.62,47151,0,86407
3.63,3.62,47151,0,86501
3.63,3.62,47151,0,86583
3.63,3.63,47151,0,86665
3.63,3.63,47151,0,86759
3.63,3.63,47151,0,86841
3.63,3.63,47151,0,86923
3.63,3.63,47151,0,87017
3.63,3.63,47151,0,87099
3.63,3.63,47151,0,87193
3.63,3.63,47151,0,87275
3.63,3.63,47151,0,87357
3.63,3.63,47151,0,87453
3.63,3.63,47151,0,87535
3.63,3.63,47151,0,87617
3.63,3.63,47151,0,87711
3.63,3.63,47151,0,87793
3.63,3.63,47151,0,87887
3.63,3.63,47151,0,87969
3.63,3.63,47151,0,88051
3.63,3.63,47151,0,88145
3.63,3.63,47151,0,88227
3.63,3.63,47151,0,88309
3.63,3.63,47151,0,88403
3.63,3.63,47151,0,88485
3.63,3.63,47151,0,88580
3.63,3.63,47151,0,88662
3.63,3.63,47151,0,88743
3.63,3.63,47151,0,88838
3.62,3.63,47151,0,88920
3.62,3.62,47151,0,89001
3.62,3.62,47151,0,89096
3.62,3.62,47151,0,89178
3.62,3.62,47151,0,89260
3.62,3.62,47151,0,89354
3.62,3.62,47151,0,89436
3.62,3.62,47151,0,89530
3.62,3.62,47151,0,89612
3.62,3.62,47151,0,89694
3.62,3.62,47151,0,89790
3.62,3.62,47151,0,89872
3.62,3.62,47151,0,89954
3.62,3.62,47151,0,90048
3.62,3.62,47151,0,90130
3.62,3.62,47151,0,90224
3.62,3.62,47151,0,90306
3.62,3.62,47151,0,90388
3.62,3.62,47151,0,90482
3.62,3.62,47151,0,90564
3.62,3.62,47151,0,90646
3.62,3.62,47151,0,90740
3.62,3.62,47151,0,90822
3.62,3.62,47151,0,90916
3.62,3.62,47151,0,90998
3.62,3.62,47151,0,91080
3.62,3.62,47151,0,91174
3.62,3.62,47151,0,91256
3.62,3.62,47151,0,91338
3.62,3.62,47151,0,91432
3.62,3.62,47151,0,91514
3.62,3.62,47151,0,91596
3.62,3.62,47151,0,91691
3.61,3.62,47151,0,91772
3.61,3.61,47151,0,91869
3.61,3.61,47151,0,91951
3.61,3.61,47151,0,92033
3.61,3.61,47151,0,92127
3.61,3.61,47151,0,92209
3.61,3.61,47151,0,92291
3.61,3.61,47151,0,92385
3.61,3.61,47151,0,92467
3.61,3.61,47151,0,92561
3.61,3.61,47151,0,92643
3.61,3.61,47151,0,92725
3.61,3.61,47151,0,92819
3.61,3.61,47151,0,92901
3.61,3.61,47151,0,92983
3.61,3.61,47151,0,93077
3.61,3.61,47151,0,93159
3.61,3.61,47151,0,93253
3.61,3.61,47151,0,93335
3.61,3.61,47151,0,93417
3.61,3.61,47151,0,93511
3.61,3.61,47151,0,93593
3.61,3.61,47151,0,93675
3.61,3.61,47151,0,93769
3.61,3.61,47151,0,93851
3.61,3.61,47151,0,93933
3.61,3.61,47151,0,94027
3.61,3.61,47151,0,94109
3.61,3.61,47151,0,94205
3.61,3.61,47151,0,94287
3.61,3.61,47151,0,94369
3.61,3.61,47151,0,94464
3.61,3.61,47151,0,94545
3.61,3.61,47151,0,94627
3.61,3.61,47151,0,94722
3.61,3.61,47151,0,94803
3.61,3.61,47151,0,94898
3.61,3.61,47151,0,94980
3.61,3.61,47151,0,95062
3.61,3.61,47151,0,95156
3.61,3.61,47151,0,95238
3.61,3.61,47151,0,95320
3.61,3.61,47151,0,95414
3.61,3.61,47151,0,95496
3.61,3.61,47151,0,95590
3.61,3.61,47151,0,95672
3.61,3.61,47151,0,95754
3.61,3.61,47151,0,95848
3.61,3.61,47151,0,95930
3.61,3.61,47151,0,96012
3.61,3.61,47151,0,96106
3.61,3.61,47151,0,96188
3.61,3.61,47151,0,96270
3.61,3.61,47151,0,96364
3.61,3.61,47151,0,96446
3.61,3.61,47151,0,96540
3.61,3.61,47151,0,96622
3.61,3.61,47151,0,96704
3.61,3.61,47151,0,96798
3.61,3.61,47151,0,96880
3.61,3.61,47151,0,96962
3.61,3.61,47151,0,97056
3.61,3.61,47151,0,97138
3.61,3.61,47151,0,97234
3.61,3.61,47151,0,97316
3.61,3.61,47151,0,97398
3.61,3.61,47151,0,97492
3.61,3.61,47151,0,97574
3.61,3.61,47151,0,97656
3.61,3.61,47151,0,97751
3.61,3.61,47151,0,97832
3.61,3.61,47151,0,97927
3.61,3.61,47151,0,98009
3.61,3.61,47151,0,98091
3.61,3.61,47151,0,98185
3.61,3.61,47151,0,98267
3.61,3.61,47151,0,98349
3.61,3.61,47151,0,98443
3.61,3.61,47151,0,98525
3.61,3.61,47151,0,98607
3.61,3.61,47151,0,98701
3.61,3.61,47151,0,98783
3.61,3.61,47151,0,98877
3.61,3.61,47151,0,98959
3.61,3.61,47151,0,99041
3.61,3.61,47151,0,99137
3.61,3.61,47151,0,99219
3.61,3.61,47151,0,99301
3.61,3.61,47151,0,99395
3.61,3.61,47151,0,99477
3.61,3.61,47151,0,99571
3.61,3.61,47151,0,99653
3.61,3.61,47151,0,99735
3.61,3.61,47151,0,99829
3.61,3.61,47151,0,99911
3.61,3.61,47151,0,99993
3.61,3.61,47151,0,1.0009e+05
3.61,3.61,47151,0,1.0017e+05
3.61,3.61,47151,0,1.0026e+05
3.61,3.61,47151,0,1.0035e+05
3.61,3.61,47151,0,1.0043e+05
3.61,3.61,47151,0,1.0052e+05
3.61,3.61,47151,0,1.006e+05
3.61,3.61,47151,0,1.0069e+05
3.61,3.61,47151,0,1.0078e+05
3.61,3.61,47151,0,1.0086e+05
3.61,3.61,47151,0,1.0094e+05
3.61,3.61,47151,0,1.0104e+05
3.61,3.61,47151,0,1.0112e+05
3.61,3.61,47151,0,1.0121e+05
3.61,3.61,47151,0,1.013e+05
3.61,3.61,47151,0,1.0138e+05
3.61,3.61,47151,0,1.0147e+05
3.61,3.61,47151,0,1.0155e+05
3.61,3.61,47151,0,1.0164e+05
3.61,3.61,47151,0,1.0173e+05
3.61,3.61,47151,0,1.0181e+05
3.61,3.61,47151,0,1.0191e+05
3.61,3.61,47151,0,1.0199e+05
3.61,3.61,47151,0,1.0207e+05
3.61,3.61,47151,0,1.0217e+05
3.61,3.61,47151,0,1.0225e+05
3.61,3.61,47151,0,1.0233e+05
3.61,3.61,47151,0,1.0242e+05
3.61,3.61,47151,0,1.0251e+05
3.61,3.61,47151,0,1.026e+05
3.61,3.61,47151,0,1.0268e+05
3.61,3.61,47151,0,1.0276e+05
3.61,3.61,47151,0,1.0286e+05
3.61,3.61,47151,0,1.0294e+05
3.61,3.61,47151,0,1.0302e+05
3.61,3.61,47151,0,1.0312e+05
3.61,3.61,47151,0,1.032e+05
3.61,3.61,47151,0,1.0328e+05
3.61,3.61,47151,0,1.0337e+05
3.61,3.61,47151,0,1.0346e+05
3.61,3.61,47151,0,1.0355e+05
3.61,3.61,47151,0,1.0363e+05
3.61,3.61,47151,0,1.0372e+05
3.61,3.61,47151,0,1.0381e+05
3.61,3.61,47151,0,1.0389e+05
3.61,3.61,47151,0,1.0397e+05
3.61,3.61,47151,0,1.0407e+05
3.6,3.61,47151,0,1.0415e+05
3.6,3.61,47151,0,1.0425e+05
3.6,3.6,47151,0,1.0433e+05
3.6,3.6,47151,0,1.0441e+05
3.6,3.6,47151,0,1.045e+05
3.6,3.6,47151,0,1.0459e+05
3.6,3.6,47151,0,1.0467e+05
3.6,3.6,47151,0,1.0476e+05
3.6,3.6,47151,0,1.0484e+05
3.6,3.6,47151,0,1.0494e+05
3.6,3.6,47151,0,1.0502e+05
3.6,3.6,47151,0,1.051e+05
3.6,3.6,47151,0,1.052e+05
3.6,3.6,47151,0,1.0528e+05
3.6,3.6,47151,0,1.0536e+05
3.6,3.6,47151,0,1.0545e+05
3.6,3.6,47151,0,1.0554e+05
3.6,3.6,47151,0,1.0562e+05
3.6,3.6,47151,0,1.0571e+05
3.6,3.6,47151,0,1.0579e+05
3.6,3.6,47151,0,1.0589e+05
3.6,3.6,47151,0,1.0597e+05
3.6,3.6,47151,0,1.0605e+05
3.6,3.6,47151,0,1.0615e+05
3.6,3.6,47151,0,1.0623e+05
3.6,3.6,47151,0,1.0631e+05
3.6,3.6,47151,0,1.0641e+05
3.6,3.6,47151,0,1.0649e+05
3.6,3.6,47151,0,1.0658e+05
3.6,3.6,47151,0,1.0666e+05
3.6,3.6,47151,0,1.0675e+05
3.6,3.6,47151,0,1.0684e+05
3.6,3.6,47151,0,1.0692e+05
3.6,3.6,47151,0,1.07e+05
3.6,3.6,47151,0,1.071e+05
3.6,3.6,47151,0,1.0718e+05
3.6,3.6,47151,0,1.0727e+05
3.6,3.6,47151,0,1.0736e+05
3.6,3.6,47151,0,1.0744e+05
3.6,3.6,47151,0,1.0753e+05
3.6,3.6,47151,0,1.0761e+05
3.6,3.6,47151,0,1.077e+05
3.6,3.6,47151,0,1.0779e+05
3.6,3.6,47151,0,1.0787e+05
3.6,3.6,47151,0,1.0795e+05
3.6,3.6,47151,0,1.0805e+05
3.6,3.6,47151,0,1.0813e+05
3.6,3.6,47151,0,1.0822e+05
3.6,3.6,47151,0,1.0831e+05
3.6,3.6,47151,0,1.0839e+05
3.6,3.6,47151,0,1.0848e+05
3.6,3.6,47151,0,1.0857e+05
3.6,3.6,47151,0,1.0865e+05
3.6,3.6,47151,0,1.0874e+05
3.6,3.6,47151,0,1.0882e+05
3.6,3.6,47151,0,1.0892e+05
3.6,3.6,47151,0,1.09e+05
3.6,3.6,47151,0,1.0908e+05
3.6,3.6,47151,0,1.0918e+05
3.6,3.6,47151,0,1.0926e+05
3.6,3.6,47151,0,1.0934e+05
3.6,3.6,47151,0,1.0943e+05
3.6,3.6,47151,0,1.0952e+05
3.6,3.6,47151,0,1.0961e+05
3.6,3.6,47151,0,1.0969e+05
3.6,3.6,47151,0,1.0977e+05
3.6,3.6,47151,0,1.0987e+05
3.6,3.6,47151,0,1.0995e+05
3.6,3.6,47151,0,1.1003e+05
3.6,3.6,47151,0,1.1013e+05
3.6,3.6,47151,0,1.1021e+05
3.6,3.6,47151,0,1.1029e+05
3.6,3.6,47151,0,1.1039e+05
3.6,3.6,47151,0,1.1047e+05
3.6,3.6,47151,0,1.1056e+05
3.6,3.6,47151,0,1.1064e+05
3.6,3.6,47151,0,1.1073e+05
3.6,3.6,47151,0,1.1082e+05
3.6,3.6,47151,0,1.109e+05
3.6,3.6,47151,0,1.1099e+05
3.6,3.6,47151,0,1.1108e+05
3.6,3.6,47151,0,1.1116e+05
3.6,3.6,47151,0,1.1126e+05
3.6,3.6,47151,0,1.1134e+05
3.6,3.6,47151,0,1.1142e+05
3.6,3.6,47151,0,1.1151e+05
3.6,3.6,47151,0,1.116e+05
3.6,3.6,47151,0,1.1168e+05
3.6,3.6,47151,0,1.1177e+05
3.6,3.6,47151,0,1.1185e+05
3.6,3.6,47151,0,1.1195e+05
3.6,3.6,47151,0,1.1203e+05
3.6,3.6,47151,0,1.1211e+05
3.6,3.6,47151,0,1.1221e+05
3.6,3.6,47151,0,1.1229e+05
3.6,3.6,47151,0,1.1237e+05
3.6,3.6,47151,0,1.1246e+05
3.6,3.6,47151,0,1.1255e+05
3.6,3.6,47151,0,1.1263e+05
3.6,3.6,47151,0,1.1272e+05
3.6,3.6,47151,0,1.128e+05
3.6,3.6,47151,0,1.129e+05
3.6,3.6,47151,0,1.1298e+05
3.6,3.6,47151,0,1.1306e+05
3.6,3.6,47151,0,1.1316e+05
3.6,3.6,47151,0,1.1324e+05
3.6,3.6,47151,0,1.1332e+05
3.6,3.6,47151,0,1.1342e+05
3.6,3.6,47151,0,1.135e+05
3.6,3.6,47151,0,1.1359e+05
3.6,3.6,47151,0,1.1367e+05
3.6,3.6,47151,0,1.1376e+05
3.6,3.6,47151,0,1.1385e+05
3.6,3.6,47151,0,1.1393e+05
3.6,3.6,47151,0,1.1401e+05
3.6,3.6,47151,0,1.1411e+05
3.6,3.6,47151,0,1.1419e+05
3.6,3.6,47151,0,1.1428e+05
3.6,3.6,47151,0,1.1437e+05
3.6,3.6,47151,0,1.1445e+05
3.6,3.6,47151,0,1.1454e+05
3.6,3.6,47151,0,1.1462e+05
3.6,3.6,47151,0,1.1471e+05
3.6,3.6,47151,0,1.148e+05
3.6,3.6,47151,0,1.1488e+05
3.6,3.6,47151,0,1.1496e+05
3.6,3.6,47151,0,1.1506e+05
3.6,3.6,47151,0,1.1514e+05
3.6,3.6,47151,0,1.1524e+05
3.59,3.6,47151,0,1.1532e+05
3.59,3.6,47151,0,1.154e+05
3.59,3.6,47151,0,1.1549e+05
3.59,3.59,47151,0,1.1558e+05
3.59,3.59,47151,0,1.1566e+05
3.59,3.59,47151,0,1.1575e+05
3.59,3.59,47151,0,1.1583e+05
3.59,3.59,47151,0,1.1593e+05
3.59,3.59,47151,0,1.1601e+05
3.59,3.59,47151,0,1.1609e+05
3.59,3.59,47151,0,1.1619e+05
3.59,3.59,47151,0,1.1627e+05
3.59,3.59,47151,0,1.1635e+05
3.59,3.59,47151,0,1.1645e+05
3.59,3.59,47151,0,1.1653e+05
3.59,3.59,47151,0,1.1662e+05
3.59,3.59,47151,0,1.167e+05
3.59,3.59,47151,0,1.1679e+05
3.59,3.59,47151,0,1.1688e+05
3.59,3.59,47151,0,1.1696e+05
3.59,3.59,47151,0,1.1704e+05
3.59,3.59,47151,0,1.1714e+05
3.59,3.59,47151,0,1.1722e+05
3.59,3.59,47151,0,1.173e+05
3.59,3.59,47151,0,1.174e+05
3.59,3.59,47151,0,1.1748e+05
3.59,3.59,47151,0,1.1757e+05
3.59,3.59,47151,0,1.1765e+05
3.59,3.59,47151,0,1.1774e+05
3.59,3.59,47151,0,1.1783e+05
3.59,3.59,47151,0,1.1791e+05
3.59,3.59,47151,0,1.18e+05
3.59,3.59,47151,0,1.1809e+05
3.59,3.59,47151,0,1.1817e+05
3.59,3.59,47151,0,1.1827e+05
3.59,3.59,47151,0,1.1835e+05
3.59,3.59,47151,0,1.1843e+05
3.59,3.59,47151,0,1.1852e+05
3.59,3.59,47151,0,1.1861e+05
3.59,3.59,47151,0,1.1869e+05
3.59,3.59,47151,0,1.1878e+05
3.59,3.59,47151,0,1.1886e+05
3.59,3.59,47151,0,1.1896e+05
3.59,3.59,47151,0,1.1904e+05
3.59,3.59,47151,0,1.1912e+05
3.59,3.59,47151,0,1.1922e+05
3.59,3.59,47151,0,1.193e+05
3.58,3.59,47151,0,1.1938e+05
3.58,3.59,47151,0,1.1947e+05
3.58,3.59,47151,0,1.1956e+05
3.58,3.58,47151,0,1.1964e+05
3.58,3.58,47151,0,1.1973e+05
3.58,3.58,47151,0,1.1981e+05
3.58,3.58,47151,0,1.1991e+05
3.58,3.58,47151,0,1.1999e+05
3.58,3.58,47151,0,1.2007e+05
3.58,3.58,47151,0,1.2017e+05
3.58,3.58,47151,0,1.2025e+05
3.58,3.58,47151,0,1.2033e+05
3.58,3.58,47151,0,1.2043e+05
3.58,3.58,47151,0,1.2051e+05
3.58,3.58,47151,0,1.206e+05
3.58,3.58,47151,0,1.2068e+05
3.58,3.58,47151,0,1.2077e+05
3.58,3.58,47151,0,1.2086e+05
3.58,3.58,47151,0,1.2094e+05
3.58,3.58,47151,0,1.2102e+05
3.58,3.58,47151,0,1.2112e+05
3.58,3.58,47151,0,1.212e+05
3.58,3.58,47151,0,1.2129e+05
3.58,3.58,47151,0,1.2138e+05
3.58,3.58,47151,0,1.2146e+05
3.58,3.58,47151,0,1.2155e+05
3.58,3.58,47151,0,1.2163e+05
3.58,3.58,47151,0,1.2172e+05
3.58,3.58,47151,0,1.2181e+05
3.58,3.58,47151,0,1.2189e+05
3.58,3.58,47151,0,1.2197e+05
3.58,3.58,47151,0,1.2207e+05
3.58,3.58,47151,0,1.2215e+05
3.58,3.58,47151,0,1.2225e+05
3.58,3.58,47151,0,1.2233e+05
3.58,3.58,47151,0,1.2241e+05
3.58,3.58,47151,0,1.2251e+05
3.58,3.58,47151,0,1.2259e+05
3.58,3.58,47151,0,1.2267e+05
3.58,3.58,47151,0,1.2276e+05
3.58,3.58,47151,0,1.2285e+05
3.58,3.58,47151,0,1.2294e+05
3.58,3.58,47151,0,1.2302e+05
3.58,3.58,47151,0,1.231e+05
3.58,3.58,47151,0,1.232e+05
3.58,3.58,47151,0,1.2328e+05
3.58,3.58,47151,0,1.2336e+05
3.58,3.58,47151,0,1.2346e+05
3.58,3.58,47151,0,1.2354e+05
3.58,3.58,47151,0,1.2363e+05
3.58,3.58,47151,0,1.2371e+05
3.58,3.58,47151,0,1.238e+05
3.58,3.58,47151,0,1.2389e+05
3.58,3.58,47151,0,1.2397e+05
3.58,3.58,47151,0,1.2405e+05
3.58,3.58,47151,0,1.2415e+05
3.58,3.58,47151,0,1.2423e+05
3.58,3.58,47151,0,1.2431e+05
3.58,3.58,47151,0,1.2441e+05
3.58,3.58,47151,0,1.2449e+05
3.58,3.58,47151,0,1.2458e+05
3.58,3.58,47151,0,1.2467e+05
3.58,3.58,47151,0,1.2475e+05
3.58,3.58,47151,0,1.2484e+05
3.58,3.58,47151,0,1.2492e+05
3.58,3.58,47151,0,1.2501e+05
3.58,3.58,47151,0,1.251e+05
3.58,3.58,47151,0,1.2518e+05
3.58,3.58,47151,0,1.2528e+05
3.58,3.58,47151,0,1.2536e+05
3.58,3.58,47151,0,1.2544e+05
3.58,3.58,47151,0,1.2553e+05
3.58,3.58,47151,0,1.2562e+05
3.58,3.58,47151,0,1.257e+05
3.58,3.58,47151,0,1.2579e+05
3.58,3.58,47151,0,1.2587e+05
3.58,3.58,47151,0,1.2597e+05
3.58,3.58,47151,0,1.2605e+05
3.58,3.58,47151,0,1.2613e+05
3.58,3.58,47151,0,1.2623e+05
3.58,3.58,47151,0,1.2631e+05
3.58,3.58,47151,0,1.2639e+05
3.58,3.58,47151,0,1.2648e+05
3.58,3.58,47151,0,1.2657e+05
3.58,3.58,47151,0,1.2665e+05
3.58,3.58,47151,0,1.2674e+05
3.58,3.58,47151,0,1.2682e+05
3.58,3.58,47151,0,1.2692e+05
3.58,3.58,47151,0,1.27e+05
3.58,3.58,47151,0,1.2708e+05
3.58,3.58,47151,0,1.2718e+05
3.58,3.58,47151,0,1.2726e+05
3.58,3.58,47151,0,1.2734e+05
3.58,3.58,47151,0,1.2744e+05
3.58,3.58,47151,0,1.2752e+05
3.58,3.58,47151,0,1.2761e+05
3.58,3.58,47151,0,1.2769e+05
3.58,3.58,47151,0,1.2778e+05
3.58,3.58,47151,0,1.2787e+05
3.58,3.58,47151,0,1.2795e+05
3.58,3.58,47151,0,1.2803e+05
3.58,3.58,47151,0,1.2813e+05
3.58,3.58,47151,0,1.2821e+05
3.58,3.58,47151,0,1.2831e+05
3.58,3.58,47151,0,1.2839e+05
3.58,3.58,47151,0,1.2847e+05
3.58,3.58,47151,0,1.2856e+05
3.58,3.58,47151,0,1.2865e+05
3.58,3.58,47151,0,1.2873e+05
3.58,3.58,47151,0,1.2882e+05
3.58,3.58,47151,0,1.289e+05
3.57,3.58,47151,0,1.2899e+05
3.58,3.57,47151,0,1.2908e+05
3.57,3.57,47151,0,1.2916e+05
3.57,3.57,47151,0,1.2926e+05
3.57,3.57,47151,0,1.2934e+05
3.57,3.57,47151,0,1.2942e+05
3.57,3.57,47151,0,1.2952e+05
3.57,3.57,47151,0,1.296e+05
3.57,3.57,47151,0,1.2968e+05
3.57,3.57,47151,0,1.2977e+05
3.57,3.57,47151,0,1.2986e+05
3.57,3.57,47151,0,1.2995e+05
3.57,3.57,47151,0,1.3003e+05
3.57,3.57,47151,0,1.3011e+05
3.57,3.57,47151,0,1.3021e+05
3.57,3.57,47151,0,1.3029e+05
3.57,3.57,47151,0,1.3037e+05
3.57,3.57,47151,0,1.3047e+05
3.57,3.57,47151,0,1.3055e+05
3.57,3.57,47151,0,1.3064e+05
3.57,3.57,47151,0,1.3072e+05
3.57,3.57,47151,0,1.3081e+05
3.57,3.57,47151,0,1.309e+05
3.57,3.57,47151,0,1.3098e+05
3.57,3.57,47151,0,1.3106e+05
3.57,3.57,47151,0,1.3116e+05
3.57,3.57,47151,0,1.3124e+05
3.57,3.57,47151,0,1.3132e+05
3.57,3.57,47151,0,1.3142e+05
3.57,3.57,47151,0,1.315e+05
3.57,3.57,47151,0,1.3159e+05
3.57,3.57,47151,0,1.3167e+05
3.57,3.57,47151,0,1.3176e+05
3.57,3.57,47151,0,1.3185e+05
3.57,3.57,47151,0,1.3193e+05
3.57,3.57,47151,0,1.3201e+05
3.57,3.57,47151,0,1.3211e+05
3.57,3.57,47151,0,1.3219e+05
3.57,3.57,47151,0,1.3229e+05
3.57,3.57,47151,0,1.3237e+05
3.57,3.57,47151,0,1.3245e+05
3.57,3.57,47151,0,1.3254e+05
3.57,3.57,47151,0,1.3263e+05
3.57,3.57,47151,0,1.3271e+05
3.57,3.57,47151,0,1.328e+05
3.57,3.57,47151,0,1.3288e+05
3.57,3.57,47151,0,1.3298e+05
3.57,3.57,47151,0,1.3306e+05
3.57,3.57,47151,0,1.3314e+05
3.57,3.57,47151,0,1.3324e+05
3.57,3.57,47151,0,1.3332e+05
3.57,3.57,47151,0,1.334e+05
3.57,3.57,47151,0,1.3349e+05
3.57,3.57,47151,0,1.3358e+05
3.57,3.57,47151,0,1.3366e+05
3.57,3.57,47151,0,1.3375e+05
3.57,3.57,47151,0,1.3383e+05
3.57,3.57,47151,0,1.3393e+05
3.57,3.57,47151,0,1.3401e+05
3.57,3.57,47151,0,1.3409e+05
3.57,3.57,47151,0,1.3419e+05
3.57,3.57,47151,0,1.3427e+05
3.57,3.57,47151,0,1.3435e+05
3.57,3.57,47151,0,1.3445e+05
3.57,3.57,47151,0,1.3453e+05
3.57,3.57,47151,0,1.3462e+05
3.57,3.57,47151,0,1.3471e+05
3.57,3.57,47151,0,1.3479e+05
3.57,3.57,47151,0,1.3488e+05
3.57,3.57,47151,0,1.3496e+05
3.57,3.57,47151,0,1.3505e+05
3.57,3.57,47151,0,1.3514e+05
3.57,3.57,47151,0,1.3522e+05
3.57,3.57,47151,0,1.3532e+05
3.57,3.57,47151,0,1.354e+05
3.57,3.57,47151,0,1.3548e+05
3.57,3.57,47151,0,1.3557e+05
3.57,3.57,47151,0,1.3566e+05
3.57,3.57,47151,0,1.3574e+05
3.57,3.57,47151,0,1.3583e+05
3.57,3.57,47151,0,1.3591e+05
3.57,3.57,47151,0,1.36e+05
3.57,3.57,47151,0,1.3609e+05
3.57,3.57,47151,0,1.3617e+05
3.57,3.57,47151,0,1.3627e+05
3.57,3.57,47151,0,1.3635e+05
3.57,3.57,47151,0,1.3643e+05
3.57,3.57,47151,0,1.3653e+05
3.57,3.57,47151,0,1.3661e+05
3.57,3.57,47151,0,1.3669e+05
3.57,3.57,47151,0,1.3678e+05
3.57,3.57,47151,0,1.3687e+05
3.57,3.57,47151,0,1.3696e+05
3.56,3.57,47151,0,1.3704e+05
3.56,3.57,47151,0,1.3712e+05
3.56,3.56,47151,0,1.3722e+05
3.56,3.56,47151,0,1.373e+05
3.56,3.56,47151,0,1.3738e+05
3.56,3.56,47151,0,1.3748e+05
3.56,3.56,47151,0,1.3756e+05
3.56,3.56,47151,0,1.3765e+05
3.56,3.56,47151,0,1.3773e+05
3.56,3.56,47151,0,1.3782e+05
3.56,3.56,47151,0,1.3791e+05
3.56,3.56,47151,0,1.3799e+05
3.56,3.56,47151,0,1.3807e+05
3.56,3.56,47151,0,1.3817e+05
3.56,3.56,47151,0,1.3825e+05
3.56,3.56,47151,0,1.3833e+05
3.56,3.56,47151,0,1.3843e+05
3.56,3.56,47151,0,1.3851e+05
3.56,3.56,47151,0,1.386e+05
3.56,3.56,47151,0,1.3868e+05
3.56,3.56,47151,0,1.3877e+05
3.56,3.56,47151,0,1.3886e+05
3.56,3.56,47151,0,1.3894e+05
3.56,3.56,47151,0,1.3903e+05
3.56,3.56,47151,0,1.3912e+05
3.56,3.56,47151,0,1.392e+05
3.56,3.56,47151,0,1.393e+05
3.56,3.56,47151,0,1.3938e+05
3.56,3.56,47151,0,1.3946e+05
3.56,3.56,47151,0,1.3955e+05
3.56,3.56,47151,0,1.3964e+05
3.56,3.56,47151,0,1.3972e+05
3.56,3.56,47151,0,1.3981e+05
3.56,3.56,47151,0,1.3989e+05
3.56,3.56,47151,0,1.3999e+05
3.56,3.56,47151,0,1.4007e+05
3.56,3.56,47151,0,1.4015e+05
3.56,3.56,47151,0,1.4025e+05
3.56,3.56,47151,0,1.4033e+05
3.56,3.56,47151,0,1.4041e+05
3.56,3.56,47151,0,1.4051e+05
3.56,3.56,47151,0,1.4059e+05
3.56,3.56,47151,0,1.4067e+05
3.56,3.56,47151,0,1.4076e+05
3.56,3.56,47151,0,1.4085e+05
3.56,3.56,47151,0,1.4094e+05
3.56,3.56,47151,0,1.4102e+05
3.56,3.56,47151,0,1.411e+05
3.56,3.56,47151,0,1.412e+05
3.56,3.56,47151,0,1.4128e+05
3.56,3.56,47151,0,1.4136e+05
3.56,3.56,47151,0,1.4146e+05
3.56,3.56,47151,0,1.4154e+05
3.56,3.56,47151,0,1.4163e+05
3.56,3.56,47151,0,1.4172e+05
3.55,3.56,47151,0,1.418e+05
3.55,3.56,47151,0,1.4189e+05
3.55,3.56,47151,0,1.4197e+05
3.55,3.55,47151,0,1.4206e+05
3.55,3.55,47151,0,1.4215e+05
3.55,3.55,47151,0,1.4223e+05
3.55,3.55,47151,0,1.4233e+05
3.55,3.55,47151,0,1.4241e+05
3.55,3.55,47151,0,1.4249e+05
3.55,3.55,47151,0,1.4258e+05
3.55,3.55,47151,0,1.4267e+05
3.55,3.55,47151,0,1.4275e+05
3.55,3.55,47151,0,1.4284e+05
3.55,3.55,47151,0,1.4292e+05
3.55,3.55,47151,0,1.4301e+05
3.55,3.55,47151,0,1.431e+05
3.55,3.55,47151,0,1.4318e+05
3.55,3.55,47151,0,1.4328e+05
3.55,3.55,47151,0,1.4336e+05
3.55,3.55,47151,0,1.4344e+05
3.55,3.55,47151,0,1.4354e+05
3.55,3.55,47151,0,1.4362e+05
3.55,3.55,47151,0,1.437e+05
3.55,3.55,47151,0,1.4379e+05
3.55,3.55,47151,0,1.4388e+05
3.55,3.55,47151,0,1.4397e+05
3.55,3.55,47151,0,1.4405e+05
3.55,3.55,47151,0,1.4413e+05
3.55,3.55,47151,0,1.4423e+05
3.55,3.55,47151,0,1.4431e+05
3.55,3.55,47151,0,1.4439e+05
3.55,3.55,47151,0,1.4449e+05
3.55,3.55,47151,0,1.4457e+05
3.55,3.55,47151,0,1.4466e+05
3.55,3.55,47151,0,1.4474e+05
3.55,3.55,47151,0,1.4483e+05
3.55,3.55,47151,0,1.4492e+05
3.55,3.55,47151,0,1.45e+05
3.55,3.55,47151,0,1.4508e+05
3.55,3.55,47151,0,1.4518e+05
3.55,3.55,47151,0,1.4526e+05
3.55,3.55,47151,0,1.4534e+05
3.55,3.55,47151,0,1.4544e+05
3.55,3.55,47151,0,1.4552e+05
3.55,3.55,47151,0,1.4561e+05
3.55,3.55,47151,0,1.457e+05
3.55,3.55,47151,0,1.4578e+05
3.55,3.55,47151,0,1.4587e+05
3.55,3.55,47151,0,1.4595e+05
3.55,3.55,47151,0,1.4604e+05
3.55,3.55,47151,0,1.4613e+05
3.55,3.55,47151,0,1.4621e+05
3.55,3.55,47151,0,1.4631e+05
3.55,3.55,47151,0,1.4639e+05
3.55,3.55,47151,0,1.4647e+05
3.55,3.55,47151,0,1.4657e+05
3.55,3.55,47151,0,1.4665e+05
3.55,3.55,47151,0,1.4673e+05
3.55,3.55,47151,0,1.4682e+05
3.55,3.55,47151,0,1.4691e+05
3.55,3.55,47151,0,1.47e+05
3.55,3.55,47151,0,1.4708e+05
3.55,3.55,47151,0,1.4716e+05
3.55,3.55,47151,0,1.4726e+05
3.55,3.55,47151,0,1.4734e+05
3.55,3.55,47151,0,1.4742e+05
3.55,3.55,47151,0,1.4752e+05
3.55,3.55,47151,0,1.476e+05
3.55,3.55,47151,0,1.4768e+05
3.55,3.55,47151,0,1.4777e+05
3.55,3.55,47151,0,1.4786e+05
3.55,3.55,47151,0,1.4795e+05
3.55,3.55,47151,0,1.4803e+05
3.55,3.55,47151,0,1.4811e+05
3.55,3.55,47151,0,1.4821e+05
3.55,3.55,47151,0,1.4829e+05
3.55,3.55,47151,0,1.4837e+05
3.55,3.55,47151,0,1.4847e+05
3.55,3.55,47151,0,1.4855e+05
3.55,3.55,47151,0,1.4864e+05
3.55,3.55,47151,0,1.4873e+05
3.55,3.55,47151,0,1.4881e+05
3.55,3.55,47151,0,1.489e+05
3.55,3.55,47151,0,1.4898e+05
3.55,3.55,47151,0,1.4907e+05
3.55,3.55,47151,0,1.4916e+05
3.55,3.55,47151,0,1.4924e+05
3.55,3.55,47151,0,1.4934e+05
3.55,3.55,47151,0,1.4942e+05
3.55,3.55,47151,0,1.495e+05
3.55,3.55,47151,0,1.4959e+05
3.55,3.55,47151,0,1.4968e+05
3.55,3.55,47151,0,1.4976e+05
3.55,3.55,47151,0,1.4985e+05
3.55,3.55,47151,0,1.4993e+05
3.55,3.55,47151,0,1.5002e+05
3.55,3.55,47151,0,1.5011e+05
3.55,3.55,47151,0,1.5019e+05
3.55,3.55,47151,0,1.5029e+05
3.55,3.55,47151,0,1.5037e+05
3.55,3.55,47151,0,1.5045e+05
3.55,3.55,47151,0,1.5055e+05
3.54,3.55,47151,0,1.5063e+05
3.54,3.55,47151,0,1.5071e+05
3.54,3.55,47151,0,1.508e+05
3.54,3.54,47151,0,1.5089e+05
3.54,3.54,47151,0,1.5098e+05
3.54,3.54,47151,0,1.5106e+05
3.54,3.54,47151,0,1.5114e+05
3.54,3.54,47151,0,1.5124e+05
3.54,3.54,47151,0,1.5132e+05
3.54,3.54,47151,0,1.514e+05
3.54,3.54,47151,0,1.515e+05
3.54,3.54,47151,0,1.5158e+05
3.54,3.54,47151,0,1.5167e+05
3.54,3.54,47151,0,1.5175e+05
3.54,3.54,47151,0,1.5184e+05
3.54,3.54,47151,0,1.5193e+05
3.54,3.54,47151,0,1.5201e+05
3.54,3.54,47151,0,1.5209e+05
3.54,3.54,47151,0,1.5219e+05
3.54,3.54,47151,0,1.5227e+05
3.54,3.54,47151,0,1.5235e+05
3.54,3.54,47151,0,1.5245e+05
3.54,3.54,47151,0,1.5253e+05
3.54,3.54,47151,0,1.5263e+05
3.54,3.54,47151,0,1.5271e+05
3.54,3.54,47151,0,1.5279e+05
3.54,3.54,47151,0,1.5288e+05
3.54,3.54,47151,0,1.5297e+05
3.54,3.54,47151,0,1.5305e+05
3.54,3.54,47151,0,1.5314e+05
3.54,3.54,47151,0,1.5322e+05
3.54,3.54,47151,0,1.5332e+05
3.54,3.54,47151,0,1.534e+05
3.54,3.54,47151,0,1.5348e+05
3.54,3.54,47151,0,1.5358e+05
3.54,3.54,47151,0,1.5366e+05
3.54,3.54,47151,0,1.5374e+05
3.54,3.54,47151,0,1.5383e+05
3.54,3.54,47151,0,1.5392e+05
3.54,3.54,47151,0,1.5401e+05
3.54,3.54,47151,0,1.5409e+05
3.54,3.54,47151,0,1.5417e+05
3.54,3.54,47151,0,1.5427e+05
3.54,3.54,47151,0,1.5435e+05
3.54,3.54,47151,0,1.5443e+05
3.54,3.54,47151,0,1.5453e+05
3.54,3.54,47151,0,1.5461e+05
3.54,3.54,47151,0,1.5469e+05
3.54,3.54,47151,0,1.5478e+05
3.54,3.54,47151,0,1.5487e+05
3.54,3.54,47151,0,1.5496e+05
3.54,3.54,47151,0,1.5504e+05
3.54,3.54,47151,0,1.5513e+05
3.54,3.54,47151,0,1.5522e+05
3.54,3.54,47151,0,1.553e+05
3.54,3.54,47151,0,1.5538e+05
3.54,3.54,47151,0,1.5548e+05
3.54,3.54,47151,0,1.5556e+05
3.54,3.54,47151,0,1.5565e+05
3.54,3.54,47151,0,1.5574e+05
3.54,3.54,47151,0,1.5582e+05
3.54,3.54,47151,0,1.5591e+05
3.54,3.54,47151,0,1.5599e+05
3.54,3.54,47151,0,1.5608e+05
3.54,3.54,47151,0,1.5617e+05
3.54,3.54,47151,0,1.5625e+05
3.54,3.54,47151,0,1.5635e+05
3.54,3.54,47151,0,1.5643e+05
3.54,3.54,47151,0,1.5651e+05
3.54,3.54,47151,0,1.566e+05
3.54,3.54,47151,0,1.5669e+05
3.54,3.54,47151,0,1.5677e+05
3.54,3.54,47151,0,1.5686e+05
3.54,3.54,47151,0,1.5694e+05
3.54,3.54,47151,0,1.5703e+05
3.54,3.54,47151,0,1.5712e+05
3.54,3.54,47151,0,1.572e+05
3.54,3.54,47151,0,1.573e+05
3.54,3.54,47151,0,1.5738e+05
3.54,3.54,47151,0,1.5746e+05
3.54,3.54,47151,0,1.5756e+05
3.54,3.54,47151,0,1.5764e+05
3.54,3.54,47151,0,1.5772e+05
3.53,3.54,47151,0,1.5781e+05
3.53,3.54,47151,0,1.579e+05
3.53,3.53,47151,0,1.5799e+05
3.53,3.53,47151,0,1.5807e+05
3.53,3.53,47151,0,1.5815e+05
3.53,3.53,47151,0,1.5825e+05
3.53,3.53,47151,0,1.5833e+05
3.53,3.53,47151,0,1.5841e+05
3.53,3.53,47151,0,1.5851e+05
3.53,3.53,47151,0,1.5859e+05
3.53,3.53,47151,0,1.5868e+05
3.53,3.53,47151,0,1.5877e+05
3.53,3.53,47151,0,1.5885e+05
3.53,3.53,47151,0,1.5894e+05
3.53,3.53,47151,0,1.5902e+05
3.53,3.53,47151,0,1.5911e+05
3.53,3.53,47151,0,1.592e+05
3.53,3.53,47151,0,1.5928e+05
3.53,3.53,47151,0,1.5936e+05
3.53,3.53,47151,0,1.5946e+05
3.53,3.53,47151,0,1.5954e+05
3.53,3.53,47151,0,1.5963e+05
3.53,3.53,47151,0,1.5972e+05
3.53,3.53,47151,0,1.598e+05
3.53,3.53,47151,0,1.5989e+05
3.53,3.53,47151,0,1.5998e+05
3.53,3.53,47151,0,1.6006e+05
3.53,3.53,47151,0,1.6015e+05
3.53,3.53,47151,0,1.6023e+05
3.53,3.53,47151,0,1.6033e+05
3.53,3.53,47151,0,1.6041e+05
3.53,3.53,47151,0,1.6049e+05
3.53,3.53,47151,0,1.6059e+05
3.53,3.53,47151,0,1.6067e+05
3.53,3.53,47151,0,1.6075e+05
3.53,3.53,47151,0,1.6084e+05
3.53,3.53,47151,0,1.6093e+05
3.53,3.53,47151,0,1.6102e+05
3.53,3.53,47151,0,1.611e+05
3.53,3.53,47151,0,1.6118e+05
3.53,3.53,47151,0,1.6128e+05
3.53,3.53,47151,0,1.6136e+05
3.53,3.53,47151,0,1.6144e+05
3.53,3.53,47151,0,1.6154e+05
3.53,3.53,47151,0,1.6162e+05
3.53,3.53,47151,0,1.617e+05
3.53,3.53,47151,0,1.6179e+05
3.53,3.53,47151,0,1.6188e+05
3.53,3.53,47151,0,1.6197e+05
3.53,3.53,47151,0,1.6205e+05
3.53,3.53,47151,0,1.6213e+05
3.53,3.53,47151,0,1.6223e+05
3.53,3.53,47151,0,1.6231e+05
3.53,3.53,47151,0,1.6239e+05
3.53,3.53,47151,0,1.6249e+05
3.53,3.53,47151,0,1.6257e+05
3.53,3.53,47151,0,1.6266e+05
3.53,3.53,47151,0,1.6275e+05
3.53,3.53,47151,0,1.6283e+05
3.53,3.53,47151,0,1.6292e+05
3.53,3.53,47151,0,1.63e+05
3.53,3.53,47151,0,1.6309e+05
3.53,3.53,47151,0,1.6318e+05
3.53,3.53,47151,0,1.6326e+05
3.53,3.53,47151,0,1.6336e+05
3.53,3.53,47151,0,1.6344e+05
3.53,3.53,47151,0,1.6352e+05
3.53,3.53,47151,0,1.6361e+05
3.53,3.53,47151,0,1.637e+05
3.53,3.53,47151,0,1.6378e+05
3.53,3.53,47151,0,1.6387e+05
3.53,3.53,47151,0,1.6395e+05
3.53,3.53,47151,0,1.6404e+05
3.53,3.53,47151,0,1.6413e+05
3.53,3.53,47151,0,1.6421e+05
3.53,3.53,47151,0,1.6431e+05
3.53,3.53,47151,0,1.6439e+05
3.53,3.53,47151,0,1.6447e+05
3.53,3.53,47151,0,1.6457e+05
3.53,3.53,47151,0,1.6465e+05
3.53,3.53,47151,0,1.6473e+05
3.53,3.53,47151,0,1.6483e+05
3.53,3.53,47151,0,1.6491e+05
3.53,3.53,47151,0,1.65e+05
3.53,3.53,47151,0,1.6508e+05
3.53,3.53,47151,0,1.6517e+05
3.53,3.53,47151,0,1.6526e+05
3.53,3.53,47151,0,1.6534e+05
3.53,3.53,47151,0,1.6542e+05
3.53,3.53,47151,0,1.6552e+05
3.53,3.53,47151,0,1.656e+05
3.53,3.53,47151,0,1.6569e+05
3.53,3.53,47151,0,1.6578e+05
3.53,3.53,47151,0,1.6586e+05
3.53,3.53,47151,0,1.6595e+05
3.53,3.53,47151,0,1.6603e+05
3.53,3.53,47151,0,1.6612e+05
3.53,3.53,47151,0,1.6621e+05
3.53,3.53,47151,0,1.6629e+05
3.53,3.53,47151,0,1.6637e+05
3.53,3.53,47151,0,1.6647e+05
3.53,3.53,47151,0,1.6655e+05
3.53,3.53,47151,0,1.6664e+05
3.53,3.53,47151,0,1.6673e+05
3.53,3.53,47151,0,1.6681e+05
3.53,3.53,47151,0,1.669e+05
3.53,3.53,47151,0,1.6698e+05
3.53,3.53,47151,0,1.6707e+05
3.53,3.53,47151,0,1.6716e+05
3.53,3.53,47151,0,1.6724e+05
3.53,3.53,47151,0,1.6734e+05
3.53,3.53,47151,0,1.6742e+05
3.53,3.53,47151,0,1.675e+05
3.53,3.53,47151,0,1.676e+05
3.52,3.53,47151,0,1.6768e+05
3.52,3.53,47151,0,1.6776e+05
3.52,3.53,47151,0,1.6785e+05
3.52,3.53,47151,0,1.6794e+05
3.52,3.52,47151,0,1.6803e+05
3.52,3.52,47151,0,1.6811e+05
3.52,3.52,47151,0,1.6819e+05
3.52,3.52,47151,0,1.6829e+05
3.52,3.52,47151,0,1.6837e+05
3.52,3.52,47151,0,1.6845e+05
3.52,3.52,47151,0,1.6855e+05
3.52,3.52,47151,0,1.6863e+05
3.52,3.52,47151,0,1.6871e+05
3.52,3.52,47151,0,1.688e+05
3.52,3.52,47151,0,1.6889e+05
3.52,3.52,47151,0,1.6898e+05
3.52,3.52,47151,0,1.6906e+05
3.52,3.52,47151,0,1.6914e+05
3.51,3.52,47151,0,1.6924e+05
3.51,3.52,47151,0,1.6932e+05
3.51,3.51,47151,0,1.694e+05
3.5,3.51,47151,0,1.695e+05
3.5,3.51,47151,0,1.6958e+05
3.5,3.5,47151,0,1.6967e+05
3.5,3.5,47151,0,1.6976e+05
3.5,3.5,47151,0,1.6984e+05
3.5,3.5,47151,0,1.6993e+05
3.5,3.5,47151,0,1.7001e+05
3.5,3.5,47151,0,1.701e+05
3.5,3.5,47151,0,1.7019e+05
3.5,3.5,47151,0,1.7027e+05
3.5,3.5,47151,0,1.7037e+05
3.5,3.5,47151,0,1.7045e+05
3.5,3.5,47151,0,1.7053e+05
3.5,3.5,47151,0,1.7063e+05
3.5,3.5,47151,0,1.7071e+05
3.5,3.5,47151,0,1.7079e+05
3.5,3.5,47151,0,1.7088e+05
3.5,3.5,47151,0,1.7096e+05
3.5,3.5,47151,0,1.7105e+05
3.49,3.5,47151,0,1.7114e+05
3.49,3.5,47151,0,1.7122e+05
3.49,3.5,47151,0,1.7132e+05
3.49,3.5,47151,0,1.714e+05
3.49,3.5,47151,0,1.7148e+05
3.49,3.5,47151,0,1.7158e+05
3.5,3.5,47151,0,1.7166e+05
3.5,3.5,47151,0,1.7174e+05
3.5,3.5,47151,0,1.7184e+05
3.5,3.5,47151,0,1.7192e+05
3.5,3.5,47151,0,1.7201e+05
3.5,3.5,47151,0,1.7209e+05
3.5,3.5,47151,0,1.7218e+05
3.5,3.5,47151,0,1.7227e+05
3.5,3.5,47151,0,1.7235e+05
3.5,3.5,47151,0,1.7243e+05
3.5,3.5,47151,0,1.7253e+05
3.5,3.5,47151,0,1.7261e+05
3.5,3.5,47151,0,1.727e+05
3.5,3.5,47151,0,1.7279e+05
3.5,3.5,47151,0,1.7287e+05
3.5,3.5,47151,0,1.7296e+05
3.5,3.5,47151,0,1.7304e+05
3.5,3.5,47151,0,1.7313e+05
3.5,3.5,47151,0,1.7322e+05
3.5,3.5,47151,0,1.733e+05
3.5,3.5,47151,0,1.7338e+05
3.5,3.5,47151,0,1.7348e+05
3.5,3.5,47151,0,1.7356e+05
3.5,3.5,47151,0,1.7366e+05
3.5,3.5,47151,0,1.7374e+05
3.5,3.5,47151,0,1.7382e+05
3.5,3.5,47151,0,1.7391e+05
3.5,3.5,47151,0,1.74e+05
3.5,3.5,47151,0,1.7408e+05
3.5,3.5,47151,0,1.7417e+05
3.5,3.5,47151,0,1.7425e+05
3.5,3.5,47151,0,1.7435e+05
3.5,3.5,47151,0,1.7443e+05
3.5,3.5,47151,0,1.7451e+05
3.5,3.5,47151,0,1.7461e+05
3.5,3.5,47151,0,1.7469e+05
3.5,3.5,47151,0,1.7477e+05
3.5,3.5,47151,0,1.7486e+05
3.5,3.5,47151,0,1.7495e+05
3.5,3.5,47151,0,1.7504e+05
3.5,3.5,47151,0,1.7512e+05
3.5,3.5,47151,0,1.752e+05
3.5,3.5,47151,0,1.753e+05
3.5,3.5,47151,0,1.7538e+05
3.5,3.5,47151,0,1.7546e+05
3.5,3.5,47151,0,1.7556e+05
3.5,3.5,47151,0,1.7564e+05
3.5,3.5,47151,0,1.7572e+05
3.5,3.5,47151,0,1.7581e+05
3.5,3.5,47151,0,1.759e+05
3.5,3.5,47151,0,1.7599e+05
3.5,3.5,47151,0,1.7607e+05
3.5,3.5,47151,0,1.7616e+05
3.5,3.5,47151,0,1.7625e+05
3.5,3.5,47151,0,1.7633e+05
3.5,3.5,47151,0,1.7641e+05
3.5,3.5,47151,0,1.7651e+05
3.5,3.5,47151,0,1.7659e+05
3.5,3.5,47151,0,1.7669e+05
3.5,3.5,47151,0,1.7677e+05
3.5,3.5,47151,0,1.7685e+05
3.5,3.5,47151,0,1.7694e+05
3.5,3.5,47151,0,1.7703e+05
3.5,3.5,47151,0,1.7711e+05
3.5,3.5,47151,0,1.772e+05
3.5,3.5,47151,0,1.7728e+05
3.5,3.5,47151,0,1.7738e+05
3.5,3.5,47151,0,1.7746e+05
3.5,3.5,47151,0,1.7754e+05
3.5,3.5,47151,0,1.7764e+05
3.5,3.5,47151,0,1.7772e+05
3.5,3.5,47151,0,1.778e+05
3.5,3.5,47151,0,1.7789e+05
3.5,3.5,47151,0,1.7798e+05
3.5,3.5,47151,0,1.7806e+05
3.5,3.5,47151,0,1.7815e+05
3.5,3.5,47151,0,1.7823e+05
3.5,3.5,47151,0,1.7833e+05
3.5,3.5,47151,0,1.7841e+05
3.5,3.5,47151,0,1.7849e+05
3.5,3.5,47151,0,1.7859e+05
3.5,3.5,47151,0,1.7867e+05
3.5,3.5,47151,0,1.7875e+05
3.5,3.5,47151,0,1.7885e+05
3.5,3.5,47151,0,1.7893e+05
3.5,3.5,47151,0,1.7902e+05
3.5,3.5,47151,0,1.791e+05
3.5,3.5,47151,0,1.7919e+05
3.5,3.5,47151,0,1.7928e+05
3.5,3.5,47151,0,1.7936e+05
3.5,3.5,47151,0,1.7944e+05
3.5,3.5,47151,0,1.7954e+05
3.5,3.5,47151,0,1.7962e+05
3.5,3.5,47151,0,1.7971e+05
3.5,3.5,47151,0,1.798e+05
3.5,3.5,47151,0,1.7988e+05
3.5,3.5,47151,0,1.7997e+05
3.5,3.5,47151,0,1.8005e+05
3.5,3.5,47151,0,1.8014e+05
3.5,3.5,47151,0,1.8023e+05
3.5,3.5,47151,0,1.8031e+05
3.5,3.5,47151,0,1.8039e+05
3.5,3.5,47151,0,1.8049e+05
3.5,3.5,47151,0,1.8057e+05
3.5,3.5,47151,0,1.8066e+05
3.5,3.5,47151,0,1.8075e+05
3.5,3.5,47151,0,1.8083e+05
3.5,3.5,47151,0,1.8092e+05
3.5,3.5,47151,0,1.8101e+05
3.5,3.5,47151,0,1.8109e+05
3.5,3.5,47151,0,1.8118e+05
3.5,3.5,47151,0,1.8126e+05
3.5,3.5,47151,0,1.8136e+05
3.5,3.5,47151,0,1.8144e+05
3.5,3.5,47151,0,1.8152e+05
3.5,3.5,47151,0,1.8162e+05
3.5,3.5,47151,0,1.817e+05
3.5,3.5,47151,0,1.8178e+05
3.5,3.5,47151,0,1.8187e+05
3.5,3.5,47151,0,1.8196e+05
3.5,3.5,47151,0,1.8205e+05
3.5,3.5,47151,0,1.8213e+05
3.5,3.5,47151,0,1.8221e+05
3.5,3.5,47151,0,1.8231e+05
3.5,3.5,47151,0,1.8239e+05
3.5,3.5,47151,0,1.8247e+05
3.5,3.5,47151,0,1.8257e+05
3.5,3.5,47151,0,1.8265e+05
3.5,3.5,47151,0,1.8273e+05
3.5,3.5,47151,0,1.8282e+05
3.5,3.5,47151,0,1.8291e+05
3.5,3.5,47151,0,1.83e+05
3.5,3.5,47151,0,1.8309e+05
3.5,3.5,47151,0,1.8317e+05
3.5,3.5,47151,0,1.8326e+05
3.5,3.5,47151,0,1.8334e+05
3.5,3.5,47151,0,1.8343e+05
3.5,3.5,47151,0,1.8352e+05
3.5,3.5,47151,0,1.836e+05
3.5,3.5,47151,0,1.837e+05
3.5,3.5,47151,0,1.8378e+05
3.5,3.5,47151,0,1.8386e+05
3.5,3.5,47151,0,1.8395e+05
3.5,3.5,47151,0,1.8404e+05
3.5,3.5,47151,0,1.8412e+05
3.5,3.5,47151,0,1.8421e+05
3.5,3.5,47151,0,1.8429e+05
3.5,3.5,47151,0,1.8439e+05
3.5,3.5,47151,0,1.8447e+05
3.5,3.5,47151,0,1.8455e+05
3.5,3.5,47151,0,1.8465e+05
3.5,3.5,47151,0,1.8473e+05
3.5,3.5,47151,0,1.8481e+05
3.5,3.5,47151,0,1.849e+05
3.5,3.5,47151,0,1.8499e+05
3.5,3.5,47151,0,1.8507e+05
3.5,3.5,47151,0,1.8516e+05
3.5,3.5,47151,0,1.8524e+05
3.5,3.5,47151,0,1.8534e+05
3.5,3.5,47151,0,1.8542e+05
3.5,3.5,47151,0,1.855e+05
3.5,3.5,47151,0,1.856e+05
3.5,3.5,47151,0,1.8568e+05
3.5,3.5,47151,0,1.8576e+05
3.5,3.5,47151,0,1.8586e+05
3.5,3.5,47151,0,1.8594e+05
3.5,3.5,47151,0,1.8603e+05
3.5,3.5,47151,0,1.8611e+05
3.5,3.5,47151,0,1.862e+05
3.5,3.5,47151,0,1.8629e+05
3.5,3.5,47151,0,1.8637e+05
3.5,3.5,47151,0,1.8645e+05
3.5,3.5,47151,0,1.8655e+05
3.5,3.5,47151,0,1.8663e+05
3.5,3.5,47151,0,1.8672e+05
3.5,3.5,47151,0,1.8681e+05
3.5,3.5,47151,0,1.8689e+05
3.5,3.5,47151,0,1.8698e+05
3.5,3.5,47151,0,1.8706e+05
3.5,3.5,47151,0,1.8715e+05
3.5,3.5,47151,0,1.8724e+05
3.5,3.5,47151,0,1.8732e+05
3.49,3.5,47151,0,1.874e+05
3.49,3.5,47151,0,1.875e+05
3.49,3.5,47151,0,1.8758e+05
3.49,3.5,47151,0,1.8767e+05
3.49,3.49,47151,0,1.8776e+05
3.49,3.49,47151,0,1.8784e+05
3.49,3.49,47151,0,1.8793e+05
3.49,3.49,47151,0,1.8802e+05
3.49,3.49,47151,0,1.881e+05
3.49,3.49,47151,0,1.8819e+05
3.49,3.49,47151,0,1.8827e+05
3.49,3.49,47151,0,1.8837e+05
3.49,3.49,47151,0,1.8845e+05
3.49,3.49,47151,0,1.8853e+05
3.49,3.49,47151,0,1.8863e+05
3.49,3.49,47151,0,1.8871e+05
3.49,3.49,47151,0,1.8879e+05
3.49,3.49,47151,0,1.8888e+05
3.49,3.49,47151,0,1.8897e+05
3.49,3.49,47151,0,1.8906e+05
3.49,3.49,47151,0,1.8914e+05
3.49,3.49,47151,0,1.8922e+05
3.49,3.49,47151,0,1.8932e+05
3.49,3.49,47151,0,1.894e+05
3.49,3.49,47151,0,1.8948e+05
3.49,3.49,47151,0,1.8958e+05
3.49,3.49,47151,0,1.8966e+05
3.49,3.49,47151,0,1.8974e+05
3.49,3.49,47151,0,1.8984e+05
3.49,3.49,47151,0,1.8992e+05
3.49,3.49,47151,0,1.9001e+05
3.49,3.49,47151,0,1.9009e+05
3.49,3.49,47151,0,1.9018e+05
3.49,3.49,47151,0,1.9027e+05
3.49,3.49,47151,0,1.9035e+05
3.49,3.49,47151,0,1.9044e+05
3.49,3.49,47151,0,1.9053e+05
3.49,3.49,47151,0,1.9061e+05
3.49,3.49,47151,0,1.9071e+05
3.49,3.49,47151,0,1.9079e+05
3.49,3.49,47151,0,1.9087e+05
3.49,3.49,47151,0,1.9096e+05
3.49,3.49,47151,0,1.9105e+05
3.49,3.49,47151,0,1.9113e+05
3.49,3.49,47151,0,1.9122e+05
3.49,3.49,47151,0,1.913e+05
3.49,3.49,47151,0,1.914e+05
3.49,3.49,47151,0,1.9148e+05
3.49,3.49,47151,0,1.9156e+05
3.49,3.49,47151,0,1.9166e+05
3.49,3.49,47151,0,1.9174e+05
3.49,3.49,47151,0,1.9182e+05
3.49,3.49,47151,0,1.9191e+05
3.49,3.49,47151,0,1.92e+05
3.49,3.49,47151,0,1.9208e+05
3.49,3.49,47151,0,1.9217e+05
3.49,3.49,47151,0,1.9225e+05
3.49,3.49,47151,0,1.9235e+05
3.49,3.49,47151,0,1.9243e+05
3.49,3.49,47151,0,1.9251e+05
3.49,3.49,47151,0,1.9261e+05
3.49,3.49,47151,0,1.9269e+05
3.49,3.49,47151,0,1.9277e+05
3.49,3.49,47151,0,1.9287e+05
3.49,3.49,47151,0,1.9295e+05
3.49,3.49,47151,0,1.9304e+05
3.49,3.49,47151,0,1.9312e+05
3.49,3.49,47151,0,1.9321e+05
3.49,3.49,47151,0,1.933e+05
3.49,3.49,47151,0,1.9338e+05
3.49,3.49,47151,0,1.9346e+05
3.49,3.49,47151,0,1.9356e+05
3.49,3.49,47151,0,1.9364e+05
3.49,3.49,47151,0,1.9373e+05
3.49,3.49,47151,0,1.9382e+05
3.49,3.49,47151,0,1.939e+05
3.49,3.49,47151,0,1.9399e+05
3.49,3.49,47151,0,1.9407e+05
3.49,3.49,47151,0,1.9416e+05
3.49,3.49,47151,0,1.9425e+05
3.49,3.49,47151,0,1.9433e+05
3.49,3.49,47151,0,1.9441e+05
3.49,3.49,47151,0,1.9451e+05
3.49,3.49,47151,0,1.9459e+05
3.49,3.49,47151,0,1.9469e+05
3.49,3.49,47151,0,1.9477e+05
3.49,3.49,47151,0,1.9485e+05
3.49,3.49,47151,0,1.9495e+05
3.49,3.49,47151,0,1.9503e+05
3.49,3.49,47151,0,1.9511e+05
3.49,3.49,47151,0,1.952e+05
3.49,3.49,47151,0,1.9528e+05
3.49,3.49,47151,0,1.9538e+05
3.49,3.49,47151,0,1.9546e+05
3.49,3.49,47151,0,1.9554e+05
3.49,3.49,47151,0,1.9564e+05
3.48,3.49,47151,0,1.9572e+05
3.48,3.49,47151,0,1.958e+05
3.48,3.49,47151,0,1.959e+05
3.48,3.49,47151,0,1.9598e+05
3.48,3.48,47151,0,1.9607e+05
3.48,3.48,47151,0,1.9615e+05
3.48,3.48,47151,0,1.9624e+05
3.48,3.48,47151,0,1.9633e+05
3.48,3.48,47151,0,1.9641e+05
3.48,3.48,47151,0,1.9649e+05
3.48,3.48,47151,0,1.9659e+05
3.48,3.48,47151,0,1.9667e+05
3.48,3.48,47151,0,1.9675e+05
3.49,3.48,47151,0,1.9685e+05
3.5,3.49,47151,0,1.9693e+05
3.51,3.5,47151,0,1.9702e+05
3.51,3.51,47151,0,1.971e+05
3.5,3.51,47151,0,1.9719e+05
3.49,3.51,47151,0,1.9728e+05
3.52,3.5,47151,0,1.9736e+05
3.56,3.51,1.9739e+05,0,1.9744e+05
3.54,3.54,1.9739e+05,0,1.9753e+05
3.51,3.55,1.9739e+05,0,1.9761e+05
3.53,3.53,1.9739e+05,0,1.977e+05
3.56,3.52,1.9777e+05,157.89,1.9778e+05
3.55,3.54,1.9777e+05,157.89,1.9787e+05
3.53,3.56,1.9777e+05,157.89,1.9796e+05
3.52,3.54,1.9777e+05,157.89,1.9804e+05
3.55,3.53,1.9777e+05,157.89,1.9812e+05
3.57,3.54,1.9813e+05,162.42,1.9821e+05
3.55,3.56,1.9813e+05,162.42,1.9829e+05
3.53,3.56,1.9813e+05,162.42,1.9837e+05
3.55,3.54,1.9813e+05,162.42,1.9846e+05
3.58,3.54,1.9852e+05,161.02,1.9855e+05
3.57,3.56,1.9852e+05,161.02,1.9864e+05
3.55,3.58,1.9852e+05,161.02,1.9872e+05
3.54,3.56,1.9852e+05,161.02,1.988e+05
3.57,3.55,1.989e+05,158.73,1.9889e+05
3.59,3.56,1.989e+05,158.73,1.9897e+05
3.57,3.58,1.989e+05,158.73,1.9906e+05
3.55,3.58,1.989e+05,158.73,1.9915e+05
3.57,3.56,1.989e+05,158.73,1.9923e+05
3.61,3.56,1.9927e+05,159.57,1.9931e+05
3.59,3.59,1.9927e+05,159.57,1.994e+05
3.57,3.6,1.9927e+05,159.57,1.9948e+05
3.57,3.58,1.9927e+05,159.57,1.9957e+05
3.6,3.57,1.9965e+05,160,1.9965e+05
3.62,3.58,1.9965e+05,160,1.9974e+05
3.59,3.61,1.9965e+05,160,1.9983e+05
3.57,3.6,1.9965e+05,160,1.9991e+05
3.59,3.58,1.9965e+05,160,1.9999e+05
3.62,3.58,2.0003e+05,160.43,2.0008e+05
3.59,3.6,2.0003e+05,160.43,2.0016e+05
3.57,3.6,2.0003e+05,160.43,2.0024e+05
3.57,3.58,2.0003e+05,160.43,2.0033e+05
3.61,3.57,2.0038e+05,165.29,2.0042e+05
3.61,3.59,2.0038e+05,165.29,2.0051e+05
3.58,3.61,2.0038e+05,165.29,2.0059e+05
3.57,3.6,2.0038e+05,165.29,2.0067e+05
3.59,3.58,2.0038e+05,165.29,2.0076e+05
3.62,3.58,2.0077e+05,161.29,2.0084e+05
3.6,3.61,2.0077e+05,161.29,2.0092e+05
3.58,3.61,2.0077e+05,161.29,2.0101e+05
3.58,3.59,2.0077e+05,161.29,2.011e+05
3.62,3.58,2.0116e+05,156.66,2.0118e+05
3.62,3.6,2.0116e+05,156.66,2.0127e+05
3.59,3.62,2.0116e+05,156.66,2.0135e+05
3.58,3.6,2.0116e+05,156.66,2.0144e+05
3.6,3.58,2.0153e+05,160,2.0152e+05
3.62,3.59,2.0153e+05,160,2.016e+05
3.6,3.61,2.0153e+05,160,2.0169e+05
3.58,3.61,2.0153e+05,160,2.0178e+05
3.6,3.59,2.0153e+05,160,2.0186e+05
3.63,3.59,2.0191e+05,159.15,2.0195e+05
3.61,3.61,2.0191e+05,159.15,2.0203e+05
3.59,3.62,2.0191e+05,159.15,2.0211e+05
3.59,3.6,2.0191e+05,159.15,2.022e+05
3.63,3.59,2.0227e+05,161.73,2.0229e+05
3.64,3.61,2.0227e+05,161.73,2.0238e+05
3.61,3.63,2.0227e+05,161.73,2.0246e+05
3.6,3.62,2.0227e+05,161.73,2.0254e+05
3.62,3.6,2.0227e+05,161.73,2.0263e+05
3.64,3.61,2.0266e+05,160.86,2.0271e+05
3.61,3.63,2.0266e+05,160.86,2.0279e+05
3.6,3.62,2.0266e+05,160.86,2.0288e+05
3.62,3.61,2.0266e+05,160.86,2.0296e+05
3.64,3.61,2.03e+05,165.29,2.0305e+05
3.62,3.63,2.03e+05,165.29,2.0314e+05
3.6,3.63,2.03e+05,165.29,2.0322e+05
3.61,3.61,2.03e+05,165.29,2.0331e+05
3.64,3.61,2.0336e+05,168.54,2.0339e+05
3.63,3.62,2.0336e+05,168.54,2.0347e+05
3.6,3.63,2.0336e+05,168.54,2.0357e+05
3.6,3.62,2.0336e+05,168.54,2.0365e+05
3.63,3.6,2.0372e+05,168.54,2.0373e+05
3.64,3.62,2.0372e+05,168.54,2.0382e+05
3.61,3.63,2.0372e+05,168.54,2.039e+05
3.6,3.62,2.0372e+05,168.54,2.0398e+05
3.63,3.61,2.0372e+05,168.54,2.0407e+05
3.64,3.62,2.0409e+05,165.75,2.0415e+05
3.61,3.63,2.0409e+05,165.75,2.0424e+05
3.6,3.62,2.0409e+05,165.75,2.0433e+05
3.61,3.61,2.0409e+05,165.75,2.0441e+05
3.64,3.6,2.0444e+05,168.07,2.045e+05
3.62,3.62,2.0444e+05,168.07,2.0458e+05
3.6,3.63,2.0444e+05,168.07,2.0466e+05
3.6,3.61,2.0444e+05,168.07,2.0475e+05
3.63,3.6,2.0482e+05,164.84,2.0483e+05
3.63,3.61,2.0482e+05,164.84,2.0492e+05
3.61,3.63,2.0482e+05,164.84,2.0501e+05
3.59,3.62,2.0482e+05,164.84,2.0509e+05
3.57,3.6,2.0482e+05,164.84,2.0518e+05
3.56,3.58,2.052e+05,160.86,2.0526e+05
3.55,3.57,2.052e+05,160.86,2.0534e+05
3.55,3.56,2.052e+05,160.86,2.0543e+05
3.55,3.55,2.052e+05,160.86,2.0552e+05
3.54,3.55,2.052e+05,160.86,2.056e+05
3.53,3.54,2.052e+05,160.86,2.0569e+05
3.53,3.54,2.052e+05,160.86,2.0577e+05
3.52,3.53,2.052e+05,160.86,2.0585e+05
3.52,3.53,2.052e+05,160.86,2.0594e+05
3.52,3.53,2.052e+05,160.86,2.0603e+05
3.52,3.52,2.052e+05,160.86,2.0612e+05
3.52,3.52,2.052e+05,160.86,2.062e+05
3.52,3.52,2.052e+05,160.86,2.0628e+05
3.52,3.52,2.052e+05,160.86,2.0637e+05
3.52,3.52,2.052e+05,160.86,2.0645e+05
3.52,3.52,2.052e+05,160.86,2.0653e+05
3.52,3.52,2.052e+05,160.86,2.0662e+05
3.52,3.52,2.052e+05,160.86,2.0671e+05
3.52,3.52,2.052e+05,160.86,2.0679e+05
3.52,3.52,2.052e+05,160.86,2.0688e+05
3.52,3.52,2.052e+05,160.86,2.0696e+05
3.52,3.52,2.052e+05,160.86,2.0705e+05
3.51,3.52,2.052e+05,160.86,2.0713e+05
3.51,3.52,2.052e+05,160.86,2.0721e+05
3.51,3.51,2.052e+05,160.86,2.073e+05
3.51,3.51,2.052e+05,160.86,2.0739e+05
